{"cameraMode":{"drawMode":0,"name":"Shaded","section":"Shading Mode"},"sceneLighting":true,"audioPlay":false,"sceneViewState":{"showFog":true,"showMaterialUpdate":false,"showSkybox":true,"showFlares":true,"showImageEffects":true,"showParticleSystems":true},"in2DMode":false,"pivot":{"x":-0.5621051788330078,"y":-0.19698768854141236,"z":-0.8630765080451965},"rotation":{"x":0.4849664568901062,"y":0.09150075167417526,"z":-0.05110941082239151,"w":0.8682304620742798},"size":3.719102621078491,"orthographic":true}